text,label,weighted_score,sentiment_label
"Team Size: Complementary team with some founders having significant work experience
Market Opportunity / Problem to be solved: Product solves a problem and has an attractive niche in a large market. Very strong value proposition to customers. Clear customer identification with unique positioning in mostly untapped market (more than or equals to USD 1 billion).
Innovation: Low innovation - localization of proven business model adapted to some markets
Business Model: Business model is impossible to realize
Scalability: Solution has no issues to scale globally or within home country but scaling has not started
Traction: Generating first revenues with paying customers. Has clear milestones and KPIs
",NOT ELIGIBLE,2.9500000000000006,POSITIVE
"Team Size: Complementary team with some founders having significant work experience
Market Opportunity / Problem to be solved: No market need, unclear problem that they are solving. Poor customer identification.
Innovation: Some innovation - significant improvement of existing solution
Business Model: Good revenue model / business model is defined and has been validated with large number of customers
Scalability: Great potential to scale globally and has started to establish good networks in these countries but scaling has not started yet.
Traction: Generating moderate revenue with paying customers. Has developed a lot of interest / relationships with key market participants or have significant traffic and engagement with customers.
",ELIGIBLE,3.2,NEGATIVE
"Team Size: Team of 2+, little to no experience
Market Opportunity / Problem to be solved: Product solves a problem with a large market, well served by some competitors
Innovation: Some unique IP, patents or data (pending patent)
Business Model: Business model explained and first validation / tests are successful with real customers.
Scalability: Has become well established in 1 City / small country. Has not started to scale anywhere else. No issue to scale otherwise
Traction: Generating moderate revenue with paying customers. Has developed a lot of interest / relationships with key market participants or have significant traffic and engagement with customers.
",ELIGIBLE,3.5,POSITIVE
"Team Size: Single founder, no team, no experience
Market Opportunity / Problem to be solved: Product solves a problem and has an attractive niche in a large market. Good value proposition to customers. Clear customer identification with unique positioning.
Innovation: Some innovation - significant improvement of existing solution
Business Model: Hints at possible business model, financial projections need to be worked on
Scalability: Solution has the potential to scale beyond 1 city / small country, but has some issues to scale
Traction: Generating first revenues with paying customers. Has clear milestones and KPIs
",NOT ELIGIBLE,2.55,POSITIVE
"Team Size: Serial Entrepreneur(s) with no exits
Market Opportunity / Problem to be solved: Product solves a problem and has an attractive niche in a large market. Good value proposition to customers. Clear customer identification with unique positioning.
Innovation: Very strong innovation (IP / data)
Business Model: Business model explained, but not validated. Financial projections may or may not be available
Scalability: Solution has no issues to scale globally or within home country but scaling has not started
Traction: Generating moderate revenue with paying customers. Has developed a lot of interest / relationships with key market participants or have significant traffic and engagement with customers.
",ELIGIBLE,3.8999999999999995,POSITIVE
"Team Size: Team of 2+, little to no experience
Market Opportunity / Problem to be solved: Product solves a problem with a large market, well served by some competitors
Innovation: Some unique IP, patents or data (pending patent)
Business Model: Good revenue model / business model is defined and has been validated with large number of customers
Scalability: Solution has the potential to scale beyond 1 city / small country, but has some issues to scale
Traction: Prototype testing with initial customers (Beta testing)
",NOT ELIGIBLE,2.95,POSITIVE
"Team Size: Serial Entrepreneur(s) with no exits
Market Opportunity / Problem to be solved: Product solves a problem with a large market, well served by some competitors
Innovation: Very strong innovation (IP / data)
Business Model: Business model is impossible to realize
Scalability: Solution is very manual / manpower heavy - no chance at scalability
Traction: Generating first revenues with paying customers. Has clear milestones and KPIs
",ELIGIBLE,3.0000000000000004,NEGATIVE
"Team Size: Complementary team with some founders having significant work experience
Market Opportunity / Problem to be solved: Product solves a problem and has an attractive niche in a large market. Good value proposition to customers. Clear customer identification with unique positioning.
Innovation: Very strong innovation (IP / data)
Business Model: Business model is impossible to realize
Scalability: Has become well established in 1 City / small country. Has not started to scale anywhere else. No issue to scale otherwise
Traction: Generating moderate revenue with paying customers. Has developed a lot of interest / relationships with key market participants or have significant traffic and engagement with customers.
",ELIGIBLE,3.6000000000000005,POSITIVE
"Team Size: Team of 2+, little to no experience
Market Opportunity / Problem to be solved: Product solves a problem with a midsize market, well served by competitors
Innovation: Some innovation - significant improvement of existing solution
Business Model: Business model explained, but not validated. Financial projections may or may not be available
Scalability: Solution is very manual / manpower heavy - no chance at scalability
Traction: Very little traction (social media engagement, landing page collecting potential customer info)
",NOT ELIGIBLE,2.0,NEGATIVE
"Team Size: Serial Entrepreneur(s) with multiple exits
Market Opportunity / Problem to be solved: Product solves a problem and has an attractive niche in a large market. Good value proposition to customers. Clear customer identification with unique positioning.
Innovation: Some unique IP, patents or data (pending patent)
Business Model: Good revenue model / business model is defined and has been validated with large number of customers
Scalability: Solution has no issues to scale globally or within home country but scaling has not started
Traction: Sustainable business (significant profit)
",ELIGIBLE,4.45,POSITIVE
"Team Size: Serial Entrepreneur(s) with multiple exits
Market Opportunity / Problem to be solved: No market need, unclear problem that they are solving. Poor customer identification.
Innovation: Some innovation - significant improvement of existing solution
Business Model: Business model is impossible to realize
Scalability: Solution is very manual / manpower heavy - no chance at scalability
Traction: Generating moderate revenue with paying customers. Has developed a lot of interest / relationships with key market participants or have significant traffic and engagement with customers.
",NOT ELIGIBLE,2.7,NEGATIVE
"Team Size: Serial Entrepreneur(s) with multiple exits
Market Opportunity / Problem to be solved: No market need, unclear problem that they are solving. Poor customer identification.
Innovation: Low innovation - localization of proven business model adapted to some markets
Business Model: Business model explained, but not validated. Financial projections may or may not be available
Scalability: Solution is very manual / manpower heavy - no chance at scalability
Traction: Sustainable business (significant profit)
",ELIGIBLE,3.05,NEGATIVE
"Team Size: Team of 2+, little to no experience
Market Opportunity / Problem to be solved: No market need, unclear problem that they are solving. Poor customer identification.
Innovation: Low innovation - localization of proven business model adapted to some markets
Business Model: Good revenue model / business model is defined and has been validated with large number of customers
Scalability: Great potential to scale globally and has started to establish good networks in these countries but scaling has not started yet.
Traction: Very little traction (social media engagement, landing page collecting potential customer info)
",NOT ELIGIBLE,2.2500000000000004,NEGATIVE
"Team Size: Team of 2+, little to no experience
Market Opportunity / Problem to be solved: No market need, unclear problem that they are solving. Poor customer identification.
Innovation: No to Low innovation - localization of proven business models without change
Business Model: Good revenue model / business model is defined and has been validated with large number of customers
Scalability: Great potential to scale globally and has started to establish good networks in these countries but scaling has not started yet.
Traction: Prototype testing with initial customers (Beta testing)
",NOT ELIGIBLE,2.3,NEGATIVE
"Team Size: Team of 2+, little to no experience
Market Opportunity / Problem to be solved: Product solves a problem with a midsize market, well served by competitors
Innovation: Very strong innovation (IP / data)
Business Model: Good revenue model / business model is defined and has been validated with large number of customers
Scalability: Solution is very manual / manpower heavy - no chance at scalability
Traction: Very little traction (social media engagement, landing page collecting potential customer info)
",NOT ELIGIBLE,2.6,NEGATIVE
"Team Size: Single founder, no team, no experience
Market Opportunity / Problem to be solved: Product solves a problem and has an attractive niche in a large market. Good value proposition to customers. Clear customer identification with unique positioning.
Innovation: No to Low innovation - localization of proven business models without change
Business Model: Business model explained, but not validated. Financial projections may or may not be available
Scalability: Solution has the potential to scale beyond 1 city / small country, but has some issues to scale
Traction: Very little traction (social media engagement, landing page collecting potential customer info)
",NOT ELIGIBLE,1.9999999999999998,POSITIVE
"Team Size: Serial Entrepreneur(s) with multiple exits
Market Opportunity / Problem to be solved: Product solves a problem and has an attractive niche in a large market. Very strong value proposition to customers. Clear customer identification with unique positioning in mostly untapped market (more than or equals to USD 1 billion).
Innovation: Low innovation - localization of proven business model adapted to some markets
Business Model: Good revenue model / business model is defined and has been validated with large number of customers
Scalability: Has become well established in 1 City / small country. Has not started to scale anywhere else. No issue to scale otherwise
Traction: Very little traction (social media engagement, landing page collecting potential customer info)
",ELIGIBLE,3.75,POSITIVE
"Team Size: Single founder, no team, no experience
Market Opportunity / Problem to be solved: Product solves a problem with a large market, well served by some competitors
Innovation: Low innovation - localization of proven business model adapted to some markets
Business Model: Business model explained and first validation / tests are successful with real customers.
Scalability: Solution has no issues to scale globally or within home country but scaling has not started
Traction: Prototype testing with initial customers (Beta testing)
",NOT ELIGIBLE,2.4,NEGATIVE
"Team Size: Complementary team with some founders having significant work experience
Market Opportunity / Problem to be solved: Product solves a problem and has an attractive niche in a large market. Very strong value proposition to customers. Clear customer identification with unique positioning in mostly untapped market (more than or equals to USD 1 billion).
Innovation: Some unique IP, patents or data (pending patent)
Business Model: Good revenue model / business model is defined and has been validated with large number of customers
Scalability: Solution has no issues to scale globally or within home country but scaling has not started
Traction: Prototype testing with initial customers (Beta testing)
",ELIGIBLE,3.65,POSITIVE
"Team Size: Serial Entrepreneur(s) with multiple exits
Market Opportunity / Problem to be solved: No market need, unclear problem that they are solving. Poor customer identification.
Innovation: Low innovation - localization of proven business model adapted to some markets
Business Model: Business model explained and first validation / tests are successful with real customers.
Scalability: Has become well established in 1 City / small country. Has not started to scale anywhere else. No issue to scale otherwise
Traction: Very little traction (social media engagement, landing page collecting potential customer info)
",NOT ELIGIBLE,2.8000000000000003,NEGATIVE
"Team Size: Serial Entrepreneur(s) with multiple exits
Market Opportunity / Problem to be solved: Product solves a problem and has an attractive niche in a large market. Good value proposition to customers. Clear customer identification with unique positioning.
Innovation: Low innovation - localization of proven business model adapted to some markets
Business Model: Hints at possible business model, financial projections need to be worked on
Scalability: Great potential to scale globally and has started to establish good networks in these countries but scaling has not started yet.
Traction: Very little traction (social media engagement, landing page collecting potential customer info)
",ELIGIBLE,3.0,POSITIVE
"Team Size: Complementary team with some founders having significant work experience
Market Opportunity / Problem to be solved: Product solves a problem with a midsize market, well served by competitors
Innovation: Low innovation - localization of proven business model adapted to some markets
Business Model: Hints at possible business model, financial projections need to be worked on
Scalability: Solution has no issues to scale globally or within home country but scaling has not started
Traction: Generating moderate revenue with paying customers. Has developed a lot of interest / relationships with key market participants or have significant traffic and engagement with customers.
",NOT ELIGIBLE,2.7,POSITIVE
"Team Size: Complementary team with some founders having significant work experience
Market Opportunity / Problem to be solved: Product solves a problem and has an attractive niche in a large market. Good value proposition to customers. Clear customer identification with unique positioning.
Innovation: Very strong innovation (IP / data)
Business Model: Hints at possible business model, financial projections need to be worked on
Scalability: Great potential to scale globally and has started to establish good networks in these countries but scaling has not started yet.
Traction: Sustainable business (significant profit)
",ELIGIBLE,3.85,POSITIVE
"Team Size: Serial Entrepreneur(s) with multiple exits
Market Opportunity / Problem to be solved: Product solves a problem with a large market, well served by some competitors
Innovation: Some unique IP, patents or data (pending patent)
Business Model: Business model is impossible to realize
Scalability: Solution has no issues to scale globally or within home country but scaling has not started
Traction: Generating moderate revenue with paying customers. Has developed a lot of interest / relationships with key market participants or have significant traffic and engagement with customers.
",ELIGIBLE,3.45,NEGATIVE
"Team Size: Single founder, no team, no experience
Market Opportunity / Problem to be solved: Product solves a problem with a midsize market, well served by competitors
Innovation: No to Low innovation - localization of proven business models without change
Business Model: Business model explained, but not validated. Financial projections may or may not be available
Scalability: Great potential to scale globally and has started to establish good networks in these countries but scaling has not started yet.
Traction: Prototype testing with initial customers (Beta testing)
",NOT ELIGIBLE,2.0,POSITIVE
"Team Size: Team of 2+, little to no experience
Market Opportunity / Problem to be solved: No market need, unclear problem that they are solving. Poor customer identification.
Innovation: Some unique IP, patents or data (pending patent)
Business Model: Hints at possible business model, financial projections need to be worked on
Scalability: Solution has no issues to scale globally or within home country but scaling has not started
Traction: Generating first revenues with paying customers. Has clear milestones and KPIs
",NOT ELIGIBLE,2.4000000000000004,NEGATIVE
"Team Size: Single founder, no team, no experience
Market Opportunity / Problem to be solved: Product solves a problem with a large market, well served by some competitors
Innovation: Low innovation - localization of proven business model adapted to some markets
Business Model: Business model explained and first validation / tests are successful with real customers.
Scalability: Has become well established in 1 City / small country. Has not started to scale anywhere else. No issue to scale otherwise
Traction: Sustainable business (significant profit)
",ELIGIBLE,3.2,POSITIVE
"Team Size: Single founder, no team, no experience
Market Opportunity / Problem to be solved: Product solves a problem with a midsize market, well served by competitors
Innovation: Low innovation - localization of proven business model adapted to some markets
Business Model: Good revenue model / business model is defined and has been validated with large number of customers
Scalability: Has become well established in 1 City / small country. Has not started to scale anywhere else. No issue to scale otherwise
Traction: Sustainable business (significant profit)
",ELIGIBLE,3.1500000000000004,POSITIVE
"Team Size: Serial Entrepreneur(s) with multiple exits
Market Opportunity / Problem to be solved: Product solves a problem and has an attractive niche in a large market. Good value proposition to customers. Clear customer identification with unique positioning.
Innovation: Low innovation - localization of proven business model adapted to some markets
Business Model: Good revenue model / business model is defined and has been validated with large number of customers
Scalability: Solution is very manual / manpower heavy - no chance at scalability
Traction: Prototype testing with initial customers (Beta testing)
",ELIGIBLE,3.35,POSITIVE
"Team Size: Serial Entrepreneur(s) with multiple exits
Market Opportunity / Problem to be solved: Product solves a problem and has an attractive niche in a large market. Very strong value proposition to customers. Clear customer identification with unique positioning in mostly untapped market (more than or equals to USD 1 billion).
Innovation: Very strong innovation (IP / data)
Business Model: Good revenue model / business model is defined and has been validated with large number of customers
Scalability: Solution has the potential to scale beyond 1 city / small country, but has some issues to scale
Traction: Generating first revenues with paying customers. Has clear milestones and KPIs
",ELIGIBLE,4.300000000000001,POSITIVE
"Team Size: Serial Entrepreneur(s) with no exits
Market Opportunity / Problem to be solved: Product solves a problem with a large market, well served by some competitors
Innovation: Some unique IP, patents or data (pending patent)
Business Model: Business model is impossible to realize
Scalability: Solution has the potential to scale beyond 1 city / small country, but has some issues to scale
Traction: Generating first revenues with paying customers. Has clear milestones and KPIs
",NOT ELIGIBLE,2.95,NEGATIVE
"Team Size: Serial Entrepreneur(s) with no exits
Market Opportunity / Problem to be solved: Product solves a problem with a large market, well served by some competitors
Innovation: Some innovation - significant improvement of existing solution
Business Model: Business model is impossible to realize
Scalability: Solution is very manual / manpower heavy - no chance at scalability
Traction: Generating first revenues with paying customers. Has clear milestones and KPIs
",NOT ELIGIBLE,2.7,NEGATIVE
"Team Size: Complementary team with some founders having significant work experience
Market Opportunity / Problem to be solved: Product solves a problem with a midsize market, well served by competitors
Innovation: Low innovation - localization of proven business model adapted to some markets
Business Model: Business model explained, but not validated. Financial projections may or may not be available
Scalability: Solution has the potential to scale beyond 1 city / small country, but has some issues to scale
Traction: Sustainable business (significant profit)
",NOT ELIGIBLE,2.95,POSITIVE
"Team Size: Complementary team with some founders having significant work experience
Market Opportunity / Problem to be solved: No market need, unclear problem that they are solving. Poor customer identification.
Innovation: No to Low innovation - localization of proven business models without change
Business Model: Hints at possible business model, financial projections need to be worked on
Scalability: Solution has the potential to scale beyond 1 city / small country, but has some issues to scale
Traction: Generating first revenues with paying customers. Has clear milestones and KPIs
",NOT ELIGIBLE,2.05,NEGATIVE
"Team Size: Serial Entrepreneur(s) with no exits
Market Opportunity / Problem to be solved: Product solves a problem with a large market, well served by some competitors
Innovation: Some unique IP, patents or data (pending patent)
Business Model: Hints at possible business model, financial projections need to be worked on
Scalability: Has become well established in 1 City / small country. Has not started to scale anywhere else. No issue to scale otherwise
Traction: Generating moderate revenue with paying customers. Has developed a lot of interest / relationships with key market participants or have significant traffic and engagement with customers.
",ELIGIBLE,3.5999999999999996,POSITIVE
"Team Size: Serial Entrepreneur(s) with multiple exits
Market Opportunity / Problem to be solved: Product solves a problem with a large market, well served by some competitors
Innovation: Some unique IP, patents or data (pending patent)
Business Model: Hints at possible business model, financial projections need to be worked on
Scalability: Solution has no issues to scale globally or within home country but scaling has not started
Traction: Generating first revenues with paying customers. Has clear milestones and KPIs
",ELIGIBLE,3.4,POSITIVE
"Team Size: Complementary team with some founders having significant work experience
Market Opportunity / Problem to be solved: Product solves a problem with a midsize market, well served by competitors
Innovation: Very strong innovation (IP / data)
Business Model: Good revenue model / business model is defined and has been validated with large number of customers
Scalability: Solution has the potential to scale beyond 1 city / small country, but has some issues to scale
Traction: Generating first revenues with paying customers. Has clear milestones and KPIs
",ELIGIBLE,3.3000000000000003,POSITIVE
"Team Size: Complementary team with some founders having significant work experience
Market Opportunity / Problem to be solved: No market need, unclear problem that they are solving. Poor customer identification.
Innovation: No to Low innovation - localization of proven business models without change
Business Model: Business model is impossible to realize
Scalability: Solution is very manual / manpower heavy - no chance at scalability
Traction: Sustainable business (significant profit)
",NOT ELIGIBLE,2.2,NEGATIVE
"Team Size: Complementary team with some founders having significant work experience
Market Opportunity / Problem to be solved: Product solves a problem and has an attractive niche in a large market. Good value proposition to customers. Clear customer identification with unique positioning.
Innovation: Low innovation - localization of proven business model adapted to some markets
Business Model: Good revenue model / business model is defined and has been validated with large number of customers
Scalability: Great potential to scale globally and has started to establish good networks in these countries but scaling has not started yet.
Traction: Generating first revenues with paying customers. Has clear milestones and KPIs
",ELIGIBLE,3.45,POSITIVE
"Team Size: Single founder, no team, no experience
Market Opportunity / Problem to be solved: Product solves a problem with a large market, well served by some competitors
Innovation: Very strong innovation (IP / data)
Business Model: Good revenue model / business model is defined and has been validated with large number of customers
Scalability: Has become well established in 1 City / small country. Has not started to scale anywhere else. No issue to scale otherwise
Traction: Generating first revenues with paying customers. Has clear milestones and KPIs
",ELIGIBLE,3.4,POSITIVE
"Team Size: Serial Entrepreneur(s) with multiple exits
Market Opportunity / Problem to be solved: Product solves a problem with a midsize market, well served by competitors
Innovation: No to Low innovation - localization of proven business models without change
Business Model: Business model is impossible to realize
Scalability: Great potential to scale globally and has started to establish good networks in these countries but scaling has not started yet.
Traction: Sustainable business (significant profit)
",ELIGIBLE,3.0999999999999996,POSITIVE
"Team Size: Serial Entrepreneur(s) with no exits
Market Opportunity / Problem to be solved: No market need, unclear problem that they are solving. Poor customer identification.
Innovation: Some unique IP, patents or data (pending patent)
Business Model: Business model explained and first validation / tests are successful with real customers.
Scalability: Solution has the potential to scale beyond 1 city / small country, but has some issues to scale
Traction: Generating moderate revenue with paying customers. Has developed a lot of interest / relationships with key market participants or have significant traffic and engagement with customers.
",ELIGIBLE,3.2,NEGATIVE
"Team Size: Team of 2+, little to no experience
Market Opportunity / Problem to be solved: No market need, unclear problem that they are solving. Poor customer identification.
Innovation: No to Low innovation - localization of proven business models without change
Business Model: Good revenue model / business model is defined and has been validated with large number of customers
Scalability: Solution has no issues to scale globally or within home country but scaling has not started
Traction: Prototype testing with initial customers (Beta testing)
",NOT ELIGIBLE,2.2,NEGATIVE
"Team Size: Complementary team with some founders having significant work experience
Market Opportunity / Problem to be solved: Product solves a problem and has an attractive niche in a large market. Very strong value proposition to customers. Clear customer identification with unique positioning in mostly untapped market (more than or equals to USD 1 billion).
Innovation: Some unique IP, patents or data (pending patent)
Business Model: Business model explained and first validation / tests are successful with real customers.
Scalability: Has become well established in 1 City / small country. Has not started to scale anywhere else. No issue to scale otherwise
Traction: Prototype testing with initial customers (Beta testing)
",ELIGIBLE,3.7,POSITIVE
"Team Size: Serial Entrepreneur(s) with no exits
Market Opportunity / Problem to be solved: No market need, unclear problem that they are solving. Poor customer identification.
Innovation: Some unique IP, patents or data (pending patent)
Business Model: Business model explained and first validation / tests are successful with real customers.
Scalability: Solution has the potential to scale beyond 1 city / small country, but has some issues to scale
Traction: Generating moderate revenue with paying customers. Has developed a lot of interest / relationships with key market participants or have significant traffic and engagement with customers.
",ELIGIBLE,3.2,NEGATIVE
"Team Size: Serial Entrepreneur(s) with multiple exits
Market Opportunity / Problem to be solved: Product solves a problem and has an attractive niche in a large market. Very strong value proposition to customers. Clear customer identification with unique positioning in mostly untapped market (more than or equals to USD 1 billion).
Innovation: Low innovation - localization of proven business model adapted to some markets
Business Model: Good revenue model / business model is defined and has been validated with large number of customers
Scalability: Solution is very manual / manpower heavy - no chance at scalability
Traction: Prototype testing with initial customers (Beta testing)
",ELIGIBLE,3.55,POSITIVE
"Team Size: Team of 2+, little to no experience
Market Opportunity / Problem to be solved: Product solves a problem with a large market, well served by some competitors
Innovation: Very strong innovation (IP / data)
Business Model: Business model explained, but not validated. Financial projections may or may not be available
Scalability: Solution has the potential to scale beyond 1 city / small country, but has some issues to scale
Traction: Generating first revenues with paying customers. Has clear milestones and KPIs
",ELIGIBLE,3.0000000000000004,POSITIVE
"Team Size: Complementary team with some founders having significant work experience
Market Opportunity / Problem to be solved: No market need, unclear problem that they are solving. Poor customer identification.
Innovation: Very strong innovation (IP / data)
Business Model: Business model explained, but not validated. Financial projections may or may not be available
Scalability: Solution has no issues to scale globally or within home country but scaling has not started
Traction: Prototype testing with initial customers (Beta testing)
",NOT ELIGIBLE,2.6999999999999997,POSITIVE
"Team Size: Single founder, no team, no experience
Market Opportunity / Problem to be solved: Product solves a problem and has an attractive niche in a large market. Very strong value proposition to customers. Clear customer identification with unique positioning in mostly untapped market (more than or equals to USD 1 billion).
Innovation: No to Low innovation - localization of proven business models without change
Business Model: Business model explained, but not validated. Financial projections may or may not be available
Scalability: Has become well established in 1 City / small country. Has not started to scale anywhere else. No issue to scale otherwise
Traction: Prototype testing with initial customers (Beta testing)
",NOT ELIGIBLE,2.6999999999999997,POSITIVE
"Team Size: Serial Entrepreneur(s) with no exits
Market Opportunity / Problem to be solved: Product solves a problem and has an attractive niche in a large market. Very strong value proposition to customers. Clear customer identification with unique positioning in mostly untapped market (more than or equals to USD 1 billion).
Innovation: Some innovation - significant improvement of existing solution
Business Model: Business model explained, but not validated. Financial projections may or may not be available
Scalability: Solution has no issues to scale globally or within home country but scaling has not started
Traction: Very little traction (social media engagement, landing page collecting potential customer info)
",ELIGIBLE,3.2,POSITIVE
"Team Size: Serial Entrepreneur(s) with no exits
Market Opportunity / Problem to be solved: Product solves a problem with a midsize market, well served by competitors
Innovation: Some unique IP, patents or data (pending patent)
Business Model: Business model explained, but not validated. Financial projections may or may not be available
Scalability: Great potential to scale globally and has started to establish good networks in these countries but scaling has not started yet.
Traction: Generating first revenues with paying customers. Has clear milestones and KPIs
",ELIGIBLE,3.25,POSITIVE
"Team Size: Complementary team with some founders having significant work experience
Market Opportunity / Problem to be solved: Product solves a problem with a midsize market, well served by competitors
Innovation: Some unique IP, patents or data (pending patent)
Business Model: Business model explained, but not validated. Financial projections may or may not be available
Scalability: Solution is very manual / manpower heavy - no chance at scalability
Traction: Prototype testing with initial customers (Beta testing)
",NOT ELIGIBLE,2.55,POSITIVE
"Team Size: Serial Entrepreneur(s) with no exits
Market Opportunity / Problem to be solved: No market need, unclear problem that they are solving. Poor customer identification.
Innovation: Low innovation - localization of proven business model adapted to some markets
Business Model: Good revenue model / business model is defined and has been validated with large number of customers
Scalability: Great potential to scale globally and has started to establish good networks in these countries but scaling has not started yet.
Traction: Sustainable business (significant profit)
",ELIGIBLE,3.4499999999999997,NEGATIVE
"Team Size: Complementary team with some founders having significant work experience
Market Opportunity / Problem to be solved: Product solves a problem with a midsize market, well served by competitors
Innovation: Some unique IP, patents or data (pending patent)
Business Model: Business model is impossible to realize
Scalability: Solution is very manual / manpower heavy - no chance at scalability
Traction: Generating first revenues with paying customers. Has clear milestones and KPIs
",NOT ELIGIBLE,2.45,NEGATIVE
"Team Size: Serial Entrepreneur(s) with no exits
Market Opportunity / Problem to be solved: Product solves a problem and has an attractive niche in a large market. Very strong value proposition to customers. Clear customer identification with unique positioning in mostly untapped market (more than or equals to USD 1 billion).
Innovation: Some innovation - significant improvement of existing solution
Business Model: Hints at possible business model, financial projections need to be worked on
Scalability: Great potential to scale globally and has started to establish good networks in these countries but scaling has not started yet.
Traction: Generating first revenues with paying customers. Has clear milestones and KPIs
",ELIGIBLE,3.55,POSITIVE
"Team Size: Team of 2+, little to no experience
Market Opportunity / Problem to be solved: Product solves a problem with a midsize market, well served by competitors
Innovation: Some innovation - significant improvement of existing solution
Business Model: Business model is impossible to realize
Scalability: Great potential to scale globally and has started to establish good networks in these countries but scaling has not started yet.
Traction: Generating first revenues with paying customers. Has clear milestones and KPIs
",NOT ELIGIBLE,2.4,NEGATIVE
"Team Size: Serial Entrepreneur(s) with multiple exits
Market Opportunity / Problem to be solved: Product solves a problem and has an attractive niche in a large market. Very strong value proposition to customers. Clear customer identification with unique positioning in mostly untapped market (more than or equals to USD 1 billion).
Innovation: Low innovation - localization of proven business model adapted to some markets
Business Model: Hints at possible business model, financial projections need to be worked on
Scalability: Has become well established in 1 City / small country. Has not started to scale anywhere else. No issue to scale otherwise
Traction: Generating moderate revenue with paying customers. Has developed a lot of interest / relationships with key market participants or have significant traffic and engagement with customers.
",ELIGIBLE,3.8999999999999995,POSITIVE
"Team Size: Complementary team with some founders having significant work experience
Market Opportunity / Problem to be solved: Product solves a problem and has an attractive niche in a large market. Good value proposition to customers. Clear customer identification with unique positioning.
Innovation: Low innovation - localization of proven business model adapted to some markets
Business Model: Business model is impossible to realize
Scalability: Great potential to scale globally and has started to establish good networks in these countries but scaling has not started yet.
Traction: Prototype testing with initial customers (Beta testing)
",NOT ELIGIBLE,2.65,POSITIVE
"Team Size: Complementary team with some founders having significant work experience
Market Opportunity / Problem to be solved: Product solves a problem with a midsize market, well served by competitors
Innovation: No to Low innovation - localization of proven business models without change
Business Model: Hints at possible business model, financial projections need to be worked on
Scalability: Solution is very manual / manpower heavy - no chance at scalability
Traction: Prototype testing with initial customers (Beta testing)
",NOT ELIGIBLE,1.9500000000000002,POSITIVE
"Team Size: Team of 2+, little to no experience
Market Opportunity / Problem to be solved: Product solves a problem with a large market, well served by some competitors
Innovation: Some innovation - significant improvement of existing solution
Business Model: Business model explained and first validation / tests are successful with real customers.
Scalability: Great potential to scale globally and has started to establish good networks in these countries but scaling has not started yet.
Traction: Prototype testing with initial customers (Beta testing)
",NOT ELIGIBLE,2.8499999999999996,POSITIVE
"Team Size: Single founder, no team, no experience
Market Opportunity / Problem to be solved: Product solves a problem with a large market, well served by some competitors
Innovation: No to Low innovation - localization of proven business models without change
Business Model: Business model explained and first validation / tests are successful with real customers.
Scalability: Has become well established in 1 City / small country. Has not started to scale anywhere else. No issue to scale otherwise
Traction: Prototype testing with initial customers (Beta testing)
",NOT ELIGIBLE,2.4499999999999997,POSITIVE
"Team Size: Team of 2+, little to no experience
Market Opportunity / Problem to be solved: Product solves a problem with a large market, well served by some competitors
Innovation: Low innovation - localization of proven business model adapted to some markets
Business Model: Good revenue model / business model is defined and has been validated with large number of customers
Scalability: Great potential to scale globally and has started to establish good networks in these countries but scaling has not started yet.
Traction: Very little traction (social media engagement, landing page collecting potential customer info)
",NOT ELIGIBLE,2.65,NEGATIVE
"Team Size: Team of 2+, little to no experience
Market Opportunity / Problem to be solved: Product solves a problem with a midsize market, well served by competitors
Innovation: Some unique IP, patents or data (pending patent)
Business Model: Business model explained, but not validated. Financial projections may or may not be available
Scalability: Solution is very manual / manpower heavy - no chance at scalability
Traction: Generating first revenues with paying customers. Has clear milestones and KPIs
",NOT ELIGIBLE,2.55,NEGATIVE
"Team Size: Serial Entrepreneur(s) with multiple exits
Market Opportunity / Problem to be solved: Product solves a problem and has an attractive niche in a large market. Very strong value proposition to customers. Clear customer identification with unique positioning in mostly untapped market (more than or equals to USD 1 billion).
Innovation: Very strong innovation (IP / data)
Business Model: Business model is impossible to realize
Scalability: Has become well established in 1 City / small country. Has not started to scale anywhere else. No issue to scale otherwise
Traction: Very little traction (social media engagement, landing page collecting potential customer info)
",ELIGIBLE,3.6,POSITIVE
"Team Size: Serial Entrepreneur(s) with multiple exits
Market Opportunity / Problem to be solved: Product solves a problem and has an attractive niche in a large market. Very strong value proposition to customers. Clear customer identification with unique positioning in mostly untapped market (more than or equals to USD 1 billion).
Innovation: Some innovation - significant improvement of existing solution
Business Model: Business model is impossible to realize
Scalability: Solution is very manual / manpower heavy - no chance at scalability
Traction: Generating moderate revenue with paying customers. Has developed a lot of interest / relationships with key market participants or have significant traffic and engagement with customers.
",ELIGIBLE,3.5,POSITIVE
"Team Size: Team of 2+, little to no experience
Market Opportunity / Problem to be solved: Product solves a problem with a midsize market, well served by competitors
Innovation: Low innovation - localization of proven business model adapted to some markets
Business Model: Hints at possible business model, financial projections need to be worked on
Scalability: Great potential to scale globally and has started to establish good networks in these countries but scaling has not started yet.
Traction: Generating moderate revenue with paying customers. Has developed a lot of interest / relationships with key market participants or have significant traffic and engagement with customers.
",NOT ELIGIBLE,2.6000000000000005,POSITIVE
"Team Size: Single founder, no team, no experience
Market Opportunity / Problem to be solved: Product solves a problem and has an attractive niche in a large market. Good value proposition to customers. Clear customer identification with unique positioning.
Innovation: Very strong innovation (IP / data)
Business Model: Business model is impossible to realize
Scalability: Great potential to scale globally and has started to establish good networks in these countries but scaling has not started yet.
Traction: Very little traction (social media engagement, landing page collecting potential customer info)
",NOT ELIGIBLE,2.5,NEGATIVE
"Team Size: Team of 2+, little to no experience
Market Opportunity / Problem to be solved: Product solves a problem and has an attractive niche in a large market. Good value proposition to customers. Clear customer identification with unique positioning.
Innovation: Very strong innovation (IP / data)
Business Model: Good revenue model / business model is defined and has been validated with large number of customers
Scalability: Has become well established in 1 City / small country. Has not started to scale anywhere else. No issue to scale otherwise
Traction: Very little traction (social media engagement, landing page collecting potential customer info)
",ELIGIBLE,3.4000000000000004,POSITIVE
"Team Size: Complementary team with some founders having significant work experience
Market Opportunity / Problem to be solved: Product solves a problem and has an attractive niche in a large market. Good value proposition to customers. Clear customer identification with unique positioning.
Innovation: Very strong innovation (IP / data)
Business Model: Hints at possible business model, financial projections need to be worked on
Scalability: Solution is very manual / manpower heavy - no chance at scalability
Traction: Prototype testing with initial customers (Beta testing)
",NOT ELIGIBLE,2.95,POSITIVE
"Team Size: Complementary team with some founders having significant work experience
Market Opportunity / Problem to be solved: Product solves a problem with a midsize market, well served by competitors
Innovation: Some unique IP, patents or data (pending patent)
Business Model: Business model explained, but not validated. Financial projections may or may not be available
Scalability: Solution has the potential to scale beyond 1 city / small country, but has some issues to scale
Traction: Very little traction (social media engagement, landing page collecting potential customer info)
",NOT ELIGIBLE,2.45,NEGATIVE
"Team Size: Team of 2+, little to no experience
Market Opportunity / Problem to be solved: Product solves a problem and has an attractive niche in a large market. Very strong value proposition to customers. Clear customer identification with unique positioning in mostly untapped market (more than or equals to USD 1 billion).
Innovation: No to Low innovation - localization of proven business models without change
Business Model: Hints at possible business model, financial projections need to be worked on
Scalability: Great potential to scale globally and has started to establish good networks in these countries but scaling has not started yet.
Traction: Generating first revenues with paying customers. Has clear milestones and KPIs
",NOT ELIGIBLE,2.85,POSITIVE
"Team Size: Serial Entrepreneur(s) with multiple exits
Market Opportunity / Problem to be solved: Product solves a problem with a midsize market, well served by competitors
Innovation: Low innovation - localization of proven business model adapted to some markets
Business Model: Hints at possible business model, financial projections need to be worked on
Scalability: Solution has the potential to scale beyond 1 city / small country, but has some issues to scale
Traction: Very little traction (social media engagement, landing page collecting potential customer info)
",NOT ELIGIBLE,2.4000000000000004,NEGATIVE
"Team Size: Serial Entrepreneur(s) with no exits
Market Opportunity / Problem to be solved: No market need, unclear problem that they are solving. Poor customer identification.
Innovation: Low innovation - localization of proven business model adapted to some markets
Business Model: Business model is impossible to realize
Scalability: Has become well established in 1 City / small country. Has not started to scale anywhere else. No issue to scale otherwise
Traction: Generating moderate revenue with paying customers. Has developed a lot of interest / relationships with key market participants or have significant traffic and engagement with customers.
",NOT ELIGIBLE,2.75,NEGATIVE
"Team Size: Serial Entrepreneur(s) with multiple exits
Market Opportunity / Problem to be solved: Product solves a problem with a midsize market, well served by competitors
Innovation: Low innovation - localization of proven business model adapted to some markets
Business Model: Business model is impossible to realize
Scalability: Solution is very manual / manpower heavy - no chance at scalability
Traction: Generating moderate revenue with paying customers. Has developed a lot of interest / relationships with key market participants or have significant traffic and engagement with customers.
",NOT ELIGIBLE,2.75,NEGATIVE
"Team Size: Team of 2+, little to no experience
Market Opportunity / Problem to be solved: Product solves a problem and has an attractive niche in a large market. Very strong value proposition to customers. Clear customer identification with unique positioning in mostly untapped market (more than or equals to USD 1 billion).
Innovation: Some unique IP, patents or data (pending patent)
Business Model: Hints at possible business model, financial projections need to be worked on
Scalability: Solution has the potential to scale beyond 1 city / small country, but has some issues to scale
Traction: Very little traction (social media engagement, landing page collecting potential customer info)
",NOT ELIGIBLE,2.7,POSITIVE
"Team Size: Serial Entrepreneur(s) with no exits
Market Opportunity / Problem to be solved: Product solves a problem and has an attractive niche in a large market. Good value proposition to customers. Clear customer identification with unique positioning.
Innovation: No to Low innovation - localization of proven business models without change
Business Model: Good revenue model / business model is defined and has been validated with large number of customers
Scalability: Solution has the potential to scale beyond 1 city / small country, but has some issues to scale
Traction: Sustainable business (significant profit)
",ELIGIBLE,3.7,POSITIVE
"Team Size: Serial Entrepreneur(s) with no exits
Market Opportunity / Problem to be solved: No market need, unclear problem that they are solving. Poor customer identification.
Innovation: Very strong innovation (IP / data)
Business Model: Hints at possible business model, financial projections need to be worked on
Scalability: Great potential to scale globally and has started to establish good networks in these countries but scaling has not started yet.
Traction: Very little traction (social media engagement, landing page collecting potential customer info)
",NOT ELIGIBLE,2.65,NEGATIVE
"Team Size: Complementary team with some founders having significant work experience
Market Opportunity / Problem to be solved: Product solves a problem and has an attractive niche in a large market. Very strong value proposition to customers. Clear customer identification with unique positioning in mostly untapped market (more than or equals to USD 1 billion).
Innovation: Some unique IP, patents or data (pending patent)
Business Model: Good revenue model / business model is defined and has been validated with large number of customers
Scalability: Great potential to scale globally and has started to establish good networks in these countries but scaling has not started yet.
Traction: Sustainable business (significant profit)
",ELIGIBLE,4.35,POSITIVE
"Team Size: Serial Entrepreneur(s) with multiple exits
Market Opportunity / Problem to be solved: No market need, unclear problem that they are solving. Poor customer identification.
Innovation: Low innovation - localization of proven business model adapted to some markets
Business Model: Business model explained and first validation / tests are successful with real customers.
Scalability: Has become well established in 1 City / small country. Has not started to scale anywhere else. No issue to scale otherwise
Traction: Generating first revenues with paying customers. Has clear milestones and KPIs
",ELIGIBLE,3.2,NEGATIVE
"Team Size: Serial Entrepreneur(s) with multiple exits
Market Opportunity / Problem to be solved: Product solves a problem with a large market, well served by some competitors
Innovation: No to Low innovation - localization of proven business models without change
Business Model: Good revenue model / business model is defined and has been validated with large number of customers
Scalability: Solution has the potential to scale beyond 1 city / small country, but has some issues to scale
Traction: Generating first revenues with paying customers. Has clear milestones and KPIs
",ELIGIBLE,3.3000000000000003,POSITIVE
"Team Size: Serial Entrepreneur(s) with no exits
Market Opportunity / Problem to be solved: No market need, unclear problem that they are solving. Poor customer identification.
Innovation: Some unique IP, patents or data (pending patent)
Business Model: Business model explained and first validation / tests are successful with real customers.
Scalability: Solution has no issues to scale globally or within home country but scaling has not started
Traction: Prototype testing with initial customers (Beta testing)
",NOT ELIGIBLE,2.9,NEGATIVE
"Team Size: Single founder, no team, no experience
Market Opportunity / Problem to be solved: Product solves a problem with a midsize market, well served by competitors
Innovation: Low innovation - localization of proven business model adapted to some markets
Business Model: Business model explained, but not validated. Financial projections may or may not be available
Scalability: Great potential to scale globally and has started to establish good networks in these countries but scaling has not started yet.
Traction: Very little traction (social media engagement, landing page collecting potential customer info)
",NOT ELIGIBLE,1.95,NEGATIVE
"Team Size: Single founder, no team, no experience
Market Opportunity / Problem to be solved: Product solves a problem with a midsize market, well served by competitors
Innovation: Very strong innovation (IP / data)
Business Model: Business model is impossible to realize
Scalability: Solution has no issues to scale globally or within home country but scaling has not started
Traction: Prototype testing with initial customers (Beta testing)
",NOT ELIGIBLE,2.2,NEGATIVE
"Team Size: Serial Entrepreneur(s) with multiple exits
Market Opportunity / Problem to be solved: Product solves a problem with a midsize market, well served by competitors
Innovation: Very strong innovation (IP / data)
Business Model: Good revenue model / business model is defined and has been validated with large number of customers
Scalability: Has become well established in 1 City / small country. Has not started to scale anywhere else. No issue to scale otherwise
Traction: Very little traction (social media engagement, landing page collecting potential customer info)
",ELIGIBLE,3.6,POSITIVE
"Team Size: Single founder, no team, no experience
Market Opportunity / Problem to be solved: Product solves a problem with a large market, well served by some competitors
Innovation: Low innovation - localization of proven business model adapted to some markets
Business Model: Business model is impossible to realize
Scalability: Great potential to scale globally and has started to establish good networks in these countries but scaling has not started yet.
Traction: Very little traction (social media engagement, landing page collecting potential customer info)
",NOT ELIGIBLE,1.8499999999999999,NEGATIVE
"Team Size: Single founder, no team, no experience
Market Opportunity / Problem to be solved: Product solves a problem with a midsize market, well served by competitors
Innovation: No to Low innovation - localization of proven business models without change
Business Model: Business model explained and first validation / tests are successful with real customers.
Scalability: Solution has the potential to scale beyond 1 city / small country, but has some issues to scale
Traction: Sustainable business (significant profit)
",NOT ELIGIBLE,2.55,POSITIVE
"Team Size: Single founder, no team, no experience
Market Opportunity / Problem to be solved: No market need, unclear problem that they are solving. Poor customer identification.
Innovation: Some innovation - significant improvement of existing solution
Business Model: Good revenue model / business model is defined and has been validated with large number of customers
Scalability: Solution has no issues to scale globally or within home country but scaling has not started
Traction: Generating moderate revenue with paying customers. Has developed a lot of interest / relationships with key market participants or have significant traffic and engagement with customers.
",NOT ELIGIBLE,2.7,NEGATIVE
"Team Size: Serial Entrepreneur(s) with multiple exits
Market Opportunity / Problem to be solved: Product solves a problem with a large market, well served by some competitors
Innovation: Some unique IP, patents or data (pending patent)
Business Model: Business model explained and first validation / tests are successful with real customers.
Scalability: Great potential to scale globally and has started to establish good networks in these countries but scaling has not started yet.
Traction: Sustainable business (significant profit)
",ELIGIBLE,4.2,POSITIVE
"Team Size: Single founder, no team, no experience
Market Opportunity / Problem to be solved: No market need, unclear problem that they are solving. Poor customer identification.
Innovation: Low innovation - localization of proven business model adapted to some markets
Business Model: Business model explained, but not validated. Financial projections may or may not be available
Scalability: Solution has no issues to scale globally or within home country but scaling has not started
Traction: Prototype testing with initial customers (Beta testing)
",NOT ELIGIBLE,1.85,NEGATIVE
"Team Size: Team of 2+, little to no experience
Market Opportunity / Problem to be solved: Product solves a problem and has an attractive niche in a large market. Very strong value proposition to customers. Clear customer identification with unique positioning in mostly untapped market (more than or equals to USD 1 billion).
Innovation: No to Low innovation - localization of proven business models without change
Business Model: Business model is impossible to realize
Scalability: Solution is very manual / manpower heavy - no chance at scalability
Traction: Generating moderate revenue with paying customers. Has developed a lot of interest / relationships with key market participants or have significant traffic and engagement with customers.
",NOT ELIGIBLE,2.5999999999999996,POSITIVE
"Team Size: Serial Entrepreneur(s) with no exits
Market Opportunity / Problem to be solved: Product solves a problem and has an attractive niche in a large market. Very strong value proposition to customers. Clear customer identification with unique positioning in mostly untapped market (more than or equals to USD 1 billion).
Innovation: Low innovation - localization of proven business model adapted to some markets
Business Model: Business model is impossible to realize
Scalability: Solution has the potential to scale beyond 1 city / small country, but has some issues to scale
Traction: Prototype testing with initial customers (Beta testing)
",NOT ELIGIBLE,2.85,POSITIVE
"Team Size: Complementary team with some founders having significant work experience
Market Opportunity / Problem to be solved: Product solves a problem and has an attractive niche in a large market. Very strong value proposition to customers. Clear customer identification with unique positioning in mostly untapped market (more than or equals to USD 1 billion).
Innovation: Some innovation - significant improvement of existing solution
Business Model: Business model explained, but not validated. Financial projections may or may not be available
Scalability: Has become well established in 1 City / small country. Has not started to scale anywhere else. No issue to scale otherwise
Traction: Prototype testing with initial customers (Beta testing)
",ELIGIBLE,3.4,POSITIVE
"Team Size: Team of 2+, little to no experience
Market Opportunity / Problem to be solved: Product solves a problem and has an attractive niche in a large market. Very strong value proposition to customers. Clear customer identification with unique positioning in mostly untapped market (more than or equals to USD 1 billion).
Innovation: Some innovation - significant improvement of existing solution
Business Model: Hints at possible business model, financial projections need to be worked on
Scalability: Great potential to scale globally and has started to establish good networks in these countries but scaling has not started yet.
Traction: Generating moderate revenue with paying customers. Has developed a lot of interest / relationships with key market participants or have significant traffic and engagement with customers.
",ELIGIBLE,3.3499999999999996,POSITIVE
"Team Size: Team of 2+, little to no experience
Market Opportunity / Problem to be solved: No market need, unclear problem that they are solving. Poor customer identification.
Innovation: Some unique IP, patents or data (pending patent)
Business Model: Hints at possible business model, financial projections need to be worked on
Scalability: Great potential to scale globally and has started to establish good networks in these countries but scaling has not started yet.
Traction: Generating first revenues with paying customers. Has clear milestones and KPIs
",NOT ELIGIBLE,2.5000000000000004,NEGATIVE
"Team Size: Team of 2+, little to no experience
Market Opportunity / Problem to be solved: Product solves a problem with a midsize market, well served by competitors
Innovation: Some unique IP, patents or data (pending patent)
Business Model: Business model explained, but not validated. Financial projections may or may not be available
Scalability: Solution is very manual / manpower heavy - no chance at scalability
Traction: Prototype testing with initial customers (Beta testing)
",NOT ELIGIBLE,2.35,NEGATIVE
"Team Size: Serial Entrepreneur(s) with multiple exits
Market Opportunity / Problem to be solved: Product solves a problem and has an attractive niche in a large market. Very strong value proposition to customers. Clear customer identification with unique positioning in mostly untapped market (more than or equals to USD 1 billion).
Innovation: Some unique IP, patents or data (pending patent)
Business Model: Business model is impossible to realize
Scalability: Great potential to scale globally and has started to establish good networks in these countries but scaling has not started yet.
Traction: Sustainable business (significant profit)
",ELIGIBLE,4.15,POSITIVE
"Team Size: Serial Entrepreneur(s) with no exits
Market Opportunity / Problem to be solved: Product solves a problem and has an attractive niche in a large market. Very strong value proposition to customers. Clear customer identification with unique positioning in mostly untapped market (more than or equals to USD 1 billion).
Innovation: Some unique IP, patents or data (pending patent)
Business Model: Hints at possible business model, financial projections need to be worked on
Scalability: Solution has the potential to scale beyond 1 city / small country, but has some issues to scale
Traction: Generating moderate revenue with paying customers. Has developed a lot of interest / relationships with key market participants or have significant traffic and engagement with customers.
",ELIGIBLE,3.7,POSITIVE
"Team Size: Serial Entrepreneur(s) with multiple exits
Market Opportunity / Problem to be solved: No market need, unclear problem that they are solving. Poor customer identification.
Innovation: Some innovation - significant improvement of existing solution
Business Model: Hints at possible business model, financial projections need to be worked on
Scalability: Solution has no issues to scale globally or within home country but scaling has not started
Traction: Very little traction (social media engagement, landing page collecting potential customer info)
",NOT ELIGIBLE,2.45,NEGATIVE
"Team Size: Complementary team with some founders having significant work experience
Market Opportunity / Problem to be solved: Product solves a problem and has an attractive niche in a large market. Good value proposition to customers. Clear customer identification with unique positioning.
Innovation: Some innovation - significant improvement of existing solution
Business Model: Business model explained, but not validated. Financial projections may or may not be available
Scalability: Great potential to scale globally and has started to establish good networks in these countries but scaling has not started yet.
Traction: Very little traction (social media engagement, landing page collecting potential customer info)
",NOT ELIGIBLE,2.9,POSITIVE
"Team Size: Complementary team with some founders having significant work experience
Market Opportunity / Problem to be solved: No market need, unclear problem that they are solving. Poor customer identification.
Innovation: Some unique IP, patents or data (pending patent)
Business Model: Business model explained, but not validated. Financial projections may or may not be available
Scalability: Solution has no issues to scale globally or within home country but scaling has not started
Traction: Prototype testing with initial customers (Beta testing)
",NOT ELIGIBLE,2.55,NEGATIVE
